nombre_tienda,sem_2025,sem_2026,flujo_2025,flujo_2026
THE BOX JOCKEY PLAZA,33.0,33.0,124042.0,146317.0
THE BOX LA RAMBLA BRASIL,33.0,33.0,35316.0,32185.0
THE BOX LA RAMBLA SAN BORJA,33.0,33.0,58996.0,48753.0
THE BOX LARCOMAR 2,0.0,33.0,0.0,60060.0
THE BOX MALL AVENTURA AREQUIPA PORONGOCHE,33.0,33.0,48068.0,45442.0
THE BOX MALL AVENTURA CHICLAYO,33.0,33.0,54880.0,61081.0
THE BOX MALL AVENTURA SANTA ANITA,33.0,33.0,34959.0,34874.0
THE BOX MALL PLAZA AREQUIPA CAYMA,33.0,33.0,43344.0,34301.0
THE BOX MALL PLAZA TRUJILLO,33.0,33.0,106974.0,151031.0
THE BOX MEGA PLAZA CHIMBOTE,33.0,29.0,13735.0,28776.0
THE BOX MEGA PLAZA INDEPENDENCIA,33.0,33.0,60707.0,72394.0
THE BOX REAL PLAZA CHICLAYO 1,33.0,33.0,55822.0,64468.0
THE BOX REAL PLAZA CUSCO,33.0,33.0,30382.0,30287.0
THE BOX REAL PLAZA PIURA 2,0.0,10.0,0.0,19734.0
THE BOX REAL PLAZA PURUCHUCO 1,33.0,33.0,26384.0,39884.0
THE BOX SAN ISIDRO,28.0,33.0,10096.0,23632.0
