nombre_tienda,excluidas,flujo,trx
THE BOX MEGA PLAZA CHIMBOTE,1658,547,2899
THE BOX REAL PLAZA CUSCO,844,2361,259
THE BOX SAN ISIDRO,715,1051,1349
THE BOX MALL PLAZA TRUJILLO,601,4047,1383
THE BOX JOCKEY PLAZA,396,4140,1073
THE BOX MALL AVENTURA CHICLAYO,368,1961,656
THE BOX MALL AVENTURA SANTA ANITA,349,922,538
THE BOX REAL PLAZA PURUCHUCO 1,305,1564,472
THE BOX LA RAMBLA SAN BORJA,295,1608,443
THE BOX MEGA PLAZA INDEPENDENCIA,282,2398,481
THE BOX MALL PLAZA AREQUIPA CAYMA,248,950,346
THE BOX REAL PLAZA CHICLAYO 1,245,1772,364
THE BOX REAL PLAZA PIURA 2,236,8,481
THE BOX MALL AVENTURA AREQUIPA PORONGOCHE,211,1420,343
THE BOX LA RAMBLA BRASIL,200,724,260
THE BOX LARCOMAR 2,107,11,166
