nombre_tienda,conv_real,p75,p90,brecha_p90_pp,flujo_total,semanas_validas
THE BOX SAN ISIDRO,0.07422139471902504,0.1006036217303823,0.13393939393939394,5.971799922036889,23632.0,33.0
THE BOX MEGA PLAZA CHIMBOTE,0.05458760713783898,0.06091858154964951,0.08233426733246718,2.77466601946282,28468.0,27.0
THE BOX REAL PLAZA CUSCO,0.08577937729058673,0.10067763794772508,0.10555689039495596,1.9777513104369233,30287.0,33.0
THE BOX LA RAMBLA SAN BORJA,0.06957520562837159,0.08026440037771483,0.08709184689969673,1.7516641271325142,48753.0,33.0
THE BOX MALL AVENTURA AREQUIPA PORONGOCHE,0.0709695876061793,0.08060453400503778,0.08646582517354592,1.5496237567366622,45442.0,33.0
THE BOX LA RAMBLA BRASIL,0.0654031381078142,0.07468123861566485,0.08032701399707504,1.4923875889260834,32185.0,33.0
THE BOX MALL PLAZA AREQUIPA CAYMA,0.07559546368910527,0.081419624217119,0.0898670411760234,1.4271577486918123,34301.0,33.0
THE BOX MALL PLAZA TRUJILLO,0.061358264197416426,0.06790123456790123,0.07454718537613587,1.3188921178719448,151031.0,33.0
THE BOX REAL PLAZA PURUCHUCO 1,0.07607060475378598,0.0824295010845987,0.08881123075262196,1.2740625998835977,39884.0,33.0
THE BOX MALL AVENTURA CHICLAYO,0.06971071200536992,0.07772795216741404,0.08174437876242126,1.2033666757051336,61081.0,33.0
THE BOX MALL AVENTURA SANTA ANITA,0.07400929058897746,0.08226495726495726,0.0851346544562275,1.1125363867250049,34874.0,33.0
THE BOX REAL PLAZA PIURA 2,0.048799027059896624,0.05520767891901912,0.058469968362424664,0.967094130252804,19734.0,10.0
THE BOX LARCOMAR 2,0.06128871128871129,0.06613310867733782,0.07050843319255759,0.9219721903846303,60060.0,33.0
THE BOX MEGA PLAZA INDEPENDENCIA,0.0528082437771086,0.058644656820156384,0.06182399363758718,0.9015749860478581,72394.0,33.0
THE BOX REAL PLAZA CHICLAYO 1,0.05622944716758702,0.06158833063209076,0.0645826702638496,0.8353223096262581,64468.0,33.0
THE BOX JOCKEY PLAZA,0.06443543812407307,0.06767223807582552,0.06951466147290755,0.5079223348834483,146317.0,33.0
