hora,flujo,trx,venta,share,conv,ticket
10,22662,953,308262.28103,0.025371157577257088,0.04205277557144118,323.46514273871986
11,37850,2458,834623.20088,0.04237482633038482,0.06494055482166447,339.5537839218877
12,53811,3636,1263749.63042,0.060243904350444855,0.06756982773038969,347.5659049559956
13,56905,3927,1376944.58391,0.06370778051071462,0.06900975309726738,350.6352390909091
14,58516,3875,1359879.29568,0.06551136955214791,0.06622120445690068,350.93659243354836
15,68110,4207,1518125.60075,0.07625229646928693,0.06176772867420349,360.85704795578795
16,83426,5267,1882696.31828,0.09339926714501147,0.06313379521971568,357.4513609796848
17,99704,6319,2267448.42399,0.11162324133275266,0.06337759768915992,358.8302617486944
18,111610,7064,2540518.34033,0.12495255922679656,0.06329181972941493,359.64302666053226
19,116608,7238,2552529.32771,0.13054805148569387,0.062071212952799125,352.6567183904393
20,108596,7178,2560740.42014,0.12157824676814981,0.06609819882868614,356.7484564140429
21,75421,5772,2081170.45636,0.08443729925135941,0.07653040930244892,360.5631421275121
