Metrica,Python,Ref_R,Diferencia,Tolerancia,Estado,Fuente_R
conv_dep_sem234_2025,0.055609950192197014,0.05561,-4.9807802986190364e-08,0.0001,OK,calculado_Excel
conv_dep_sem234_2026,0.06481501177202903,0.064815,1.1772029032131037e-08,0.0001,OK,calculado_Excel
conv_reportada_2025,0.06468048817097186,0.06468,4.881709718546068e-07,0.0001,OK,comentario_R
conv_reportada_2026,0.06814685678655884,0.06815,-3.1432134411646384e-06,0.0001,OK,comentario_R
crec_venta_total,1.0261874191493279,0.941,0.08518741914932793,0.1,OK,comentario_R -- discrepancia mix tiendas
crec_tiendas_comunes,0.8520199429340243,0.759,0.09301994293402427,0.1,OK,comentario_R -- pendiente verificacion
frontera_p75,0.07198,0.07198,0.0,1e-05,OK,comentario_R -- replica exacta
frontera_p90,0.077848,0.077848,0.0,1e-05,OK,comentario_R -- replica exacta
frontera_max,0.085843,0.085843,0.0,1e-05,OK,comentario_R -- replica exacta
m1_beta,-0.015851469603759806,-0.01583,-2.1469603759805694e-05,0.0001,OK,comentario_R -- replica exacta
m2_beta,-0.04901992519448857,-0.04897,-4.992519448857036e-05,0.0001,OK,comentario_R -- replica exacta
pearson_r,-0.37778302074385417,-0.378,0.0002169792561458328,0.005,OK,comentario_R
spearman_r,-0.6147058823529412,-0.615,0.0002941176470587781,0.005,OK,comentario_R
r2_tienda,0.3318324795832106,0.332,-0.00016752041678941287,0.005,OK,comentario_R
r2_semana,0.0804488840823322,0.08,0.00044888408233219323,0.005,OK,comentario_R
factor_est,1.9009373230009667,1.9009,3.732300096670471e-05,0.001,OK,comentario_R
ticket,354.90414256871856,354.9,0.004142568718577877,0.1,OK,comentario_R
